{"Goals": [[2.7991319685521217], [1.4247357823857254, 0.4913765834492364]], "Shots": [[30.437653462716113], [16.09319527099496, 0.47150001004072467]], "ShotAttempts": [[56.204432789249964], [25.170104904380867, 0.5523138365262185]], "UnblockedShotAttempts": [[42.10388672467835], [20.70310363559692, 0.5085113864168916]], "xG": [[2.643703267801302], [1.1224238390020167, 0.575563680351509]], "xG_flurry": [[2.609426521232394], [1.1108924698240237, 0.5743867652874993]], "Goals_5v5": [[1.867748345965349], [1.026859440276481, 0.4506178100374817]], "Shots_5v5": [[23.729777011779934], [11.632430095264976, 0.5100753499573175]], "ShotAttempts_5v5": [[44.14134252111071], [19.465535008328562, 0.5591972118811057]], "UnblockedShotAttempts_5v5": [[32.89352760651175], [15.872345320188673, 0.5177359471942137]], "xG_5v5": [[1.8685321776839534], [0.7410568071173788, 0.603582340934856]], "xG_flurry_5v5": [[1.8454037255725515], [0.739760401316468, 0.5993006053071708]], "GoalsAdjusted": [[2.6679745743075736], [1.3778178642709389, 0.4840358814991816]], "ShotsAdjusted": [[30.439766842628927], [15.68400905573139, 0.4849879180016207]], "ShotAttemptsAdjusted": [[56.215302304683654], [24.18811366076367, 0.569881539339443]], "UnblockedShotAttemptsAdjusted": [[42.107772415234585], [20.067722011934645, 0.5236579841354081]], "xGAdjusted": [[2.6438745034003643], [1.149041696348581, 0.5655347044804004]], "xG_flurryAdjusted": [[2.6097261632304716], [1.1372098529871406, 0.5643626248230624]], "GoalsAdjusted_5v5": [[1.867845509098017], [1.024550259359957, 0.45191285930853853]], "ShotsAdjusted_5v5": [[23.73202403067164], [11.404152903862824, 0.519749626631171]], "ShotAttemptsAdjusted_5v5": [[44.15227883696136], [18.81167399543912, 0.5741260047897024]], "UnblockedShotAttemptsAdjusted_5v5": [[32.8974049489597], [15.440344775472367, 0.5309323090038874]], "xGAdjusted_5v5": [[1.8686180374922128], [0.7519842506434468, 0.597756624718387]], "xG_flurryAdjusted_5v5": [[1.8455790981031457], [0.7507106368363892, 0.5934094753478631]], "GoalsAgainst": [[2.7989064072554832], [1.6439474176538373, 0.41321518314297284]], "ShotsAgainst": [[30.435887236052473], [15.026105904448505, 0.5065034332425293]], "ShotAttemptsAgainst": [[56.20225899345242], [27.60344616514416, 0.5086804513184565]], "UnblockedShotAttemptsAgainst": [[42.10168794912931], [20.474880874037783, 0.5137103523941983]], "xGAgainst": [[2.643539884497313], [1.2022438332188028, 0.5452036845939158]], "xG_flurryAgainst": [[2.609267182247173], [1.1888494969617307, 0.544366171698076]], "Goals_5v5Against": [[1.8676216810144943], [1.0531238505401417, 0.43687294810026134]], "Shots_5v5Against": [[23.72871931744949], [10.650473763443149, 0.5514011298417097]], "ShotAttempts_5v5Against": [[44.139991486468105], [18.538570863006303, 0.5798238865193239]], "UnblockedShotAttempts_5v5Against": [[32.89222335557941], [14.255071593464937, 0.5666441005137934]], "xG_5v5Against": [[1.8684437351081615], [0.6873955711847203, 0.632071109069848]], "xG_flurry_5v5Against": [[1.8453179814916167], [0.6791503470483736, 0.6319434559597054]], "GoalsAdjustedAgainst": [[2.6677552353746297], [1.584424451821186, 0.40657732654536494]], "ShotsAdjustedAgainst": [[30.437825528268668], [14.763960737016754, 0.5151391539979079]], "ShotAttemptsAdjustedAgainst": [[56.212781127455514], [26.799062434389292, 0.5230720090205269]], "UnblockedShotAttemptsAdjustedAgainst": [[42.10533898393584], [20.05145077051201, 0.5238006849929709]], "xGAdjustedAgainst": [[2.643702149699336], [1.1999802581988877, 0.5460788999642814]], "xG_flurryAdjustedAgainst": [[2.6095584448642644], [1.185856062424457, 0.5455541143456204]], "GoalsAdjusted_5v5Against": [[1.8677203151611488], [1.0573387166281338, 0.4346397501472704]], "ShotsAdjusted_5v5Against": [[23.730833214026344], [10.482736344613755, 0.558506630906032]], "ShotAttemptsAdjusted_5v5Against": [[44.150649287889415], [18.099504424557875, 0.5898699727249106]], "UnblockedShotAttemptsAdjusted_5v5Against": [[32.895919914947484], [13.98108325447251, 0.5750227711851754]], "xGAdjusted_5v5Against": [[1.8685269324590492], [0.6853406738336509, 0.6331929534042832]], "xG_flurryAdjusted_5v5Against": [[1.8454907314438729], [0.677354321765395, 0.6329567836235082]]}
