{"Goals": 113.71676423883352,
 "GoalsAdjusted": 108.41978061491557,
 "GoalsAdjustedAgainst": 75.64141804335883,
 "GoalsAdjusted_5v5": 142.18013366226552,
 "GoalsAdjusted_5v5Against": 103.02235521817592,
 "GoalsAgainst": 73.43805562031962,
 "Goals_5v5": 144.06344729514865,
 "Goals_5v5Against": 106.73965333089403,
 "ShotAttempts": 42.36030265906032,
 "ShotAttemptsAdjusted": 38.9104853248326,
 "ShotAttemptsAdjustedAgainst": 38.771734828062904,
 "ShotAttemptsAdjusted_5v5": 44.378883821137144,
 "ShotAttemptsAdjusted_5v5Against": 33.92316215645442,
 "ShotAttemptsAgainst": 41.260429610989114,
 "ShotAttempts_5v5": 48.585350343794794,
 "ShotAttempts_5v5Against": 36.96035140910112,
 "Shots": 58.894920388518635,
 "ShotsAdjusted": 54.89029355916821,
 "ShotsAdjustedAgainst": 38.24379550969617,
 "ShotsAdjusted_5v5": 67.16625807200954,
 "ShotsAdjusted_5v5Against": 37.01874483119792,
 "ShotsAgainst": 40.16958912588588,
 "Shots_5v5": 72.40942037880933,
 "Shots_5v5Against": 39.381325399647125,
 "UnblockedShotAttempts": 48.09745676307879,
 "UnblockedShotAttemptsAdjusted": 45.64866059540221,
 "UnblockedShotAttemptsAdjustedAgainst": 40.13614500101708,
 "UnblockedShotAttemptsAdjusted_5v5": 53.632547115109865,
 "UnblockedShotAttemptsAdjusted_5v5Against": 36.66769948901997,
 "UnblockedShotAttemptsAgainst": 43.31992096342682,
 "UnblockedShotAttempts_5v5": 56.86624405597791,
 "UnblockedShotAttempts_5v5Against": 40.279862333528996,
 "xG": 63.37541863333562,
 "xGAdjusted": 62.529357508723876,
 "xGAdjustedAgainst": 54.17541726155698,
 "xGAdjusted_5v5": 77.48031630392636,
 "xGAdjusted_5v5Against": 55.197447973293436,
 "xGAgainst": 55.36267585973183,
 "xG_5v5": 79.33029612270529,
 "xG_5v5Against": 57.133624603334354,
 "xG_flurry": 61.720110956636645,
 "xG_flurryAdjusted": 60.90569245866698,
 "xG_flurryAdjustedAgainst": 52.55931446744455,
 "xG_flurryAdjusted_5v5": 73.59376501627807,
 "xG_flurryAdjusted_5v5Against": 54.07168686203481,
 "xG_flurryAgainst": 53.17076283439628,
 "xG_flurry_5v5": 75.28516216975184,
 "xG_flurry_5v5Against": 55.619960807934994}
